"","V1","V2","V3","V4","V5","V6","V7","V8","V9","V10","V11"
"sim1",0,0,0,0,0,0,0,0,0,0,0
"sim2",0,0,0,0,0,0,0,0,0,0,0
"sim3",0,0,0,0,0,0,0,0,0,0,0
"sim4",0,0,0,0,0,0,0,0,0,0,0
"sim5",0,0,0,0,0,0,0,0,0,0,0
"sim6",0,0,0,0,0,0,0,0,0,0,0
"sim7",0,0,0,0,0,0,0,0,0,0,0
"sim8",0,0,0,0,0,0,0,0,0,0,0
"sim9",0,0,0,0,0,0,0,0,0,0,0
"sim10",0,0,0,0,0,0,0,0,0,0,0
"sim11",0,0,0,0,0,0,0,0,0,0,0
"sim12",0,0,0,0,0,0,0,0,0,0,0
"sim13",0,0,0,0,0,0,0,0,0,0,0
"sim14",0,0,0,0,0,0,0,0,0,0,0
"sim15",0,0,0,0,0,0,0,0,0,0,0
"sim16",0,0,0,0,0,0,0,0,0,0,0
"sim17",0,0,0,0,0,0,0,0,0,0,0
"sim18",0,0,0,0,0,0,0,0,0,0,0
"sim19",0,0,0,0,0,0,0,0,0,0,0
"sim20",0,0,0,0,0,0,0,0,0,0,0
"sim21",0,0,0,0,0,0,0,0,0,0,0
"sim22",0,0,0,0,0,0,0,0,0,0,0
"sim23",0,0,0,0,0,0,0,0,0,0,0
"sim24",0,0,0,0,0,0,0,0,0,0,0
"sim25",0,0,0,0,0,0,0,0,0,0,0
"sim26",0,0,0,0,0,0,0,0,0,0,0
"sim27",0,0,0,0,0,0,0,0,0,0,0
"sim28",0,0,0,0,0,0,0,0,0,0,0
"sim29",0,0,0,0,0,0,0,0,0,0,0
"sim30",0,0,0,0,0,0,0,0,0,0,0
"sim31",0,0,0,0,0,0,0,0,0,0,0
"sim32",0,0,0,0,0,0,0,0,0,0,0
"sim33",0,0,0,0,0,0,0,0,0,0,0
"sim34",0,0,0,0,0,0,0,0,0,0,0
"sim35",0,0,0,0,0,0,0,0,0,0,0
"sim36",0,0,0,0,0,0,0,0,0,0,0
"sim37",0,0,0,0,0,0,0,0,0,0,0
"sim38",0,0,0,0,0,0,0,0,0,0,0
"sim39",0,0,0,0,0,0,0,0,0,0,0
"sim40",0,0,0,0,0,0,0,0,0,0,0
"sim41",0,0,0,0,0,0,0,0,0,0,0
"sim42",0,0,0,0,0,0,0,0,0,0,0
"sim43",0,0,0,0,0,0,0,0,0,0,0
"sim44",0,0,0,0,0,0,0,0,0,0,0
"sim45",0,0,0,0,0,0,0,0,0,0,0
"sim46",0,0,0,0,0,0,0,0,0,0,0
"sim47",0,0,0,0,0,0,0,0,0,0,0
"sim48",0,0,0,0,0,0,0,0,0,0,0
"sim49",0,0,0,0,0,0,0,0,0,0,0
"sim50",0,0,0,0,0,0,0,0,0,0,0
"sim51",0,0,0,0,0,0,0,0,0,0,0
"sim52",0,0,0,0,0,0,0,0,0,0,0
"sim53",0,0,0,0,0,0,0,0,0,0,0
"sim54",0,0,0,0,0,0,0,0,0,0,0
"sim55",0,0,0,0,0,0,0,0,0,0,0
"sim56",0,0,0,0,0,0,0,0,0,0,0
"sim57",0,0,0,0,0,0,0,0,0,0,0
"sim58",0,0,0,0,0,0,0,0,0,0,0
"sim59",0,0,0,0,0,0,0,0,0,0,0
"sim60",0,0,0,0,0,0,0,0,0,0,0
"sim61",0,0,0,0,0,0,0,0,0,0,0
"sim62",0,0,0,0,0,0,0,0,0,0,0
"sim63",0,0,0,0,0,0,0,0,0,0,0
"sim64",0,0,0,0,0,0,0,0,0,0,0
"sim65",0,0,0,0,0,0,0,0,0,0,0
"sim66",0,0,0,0,0,0,0,0,0,0,0
"sim67",0,0,0,0,0,0,0,0,0,0,0
"sim68",0,0,0,0,0,0,0,0,0,0,0
"sim69",0,0,0,0,0,0,0,0,0,0,0
"sim70",0,0,0,0,0,0,0,0,0,0,0
"sim71",0,0,0,0,0,0,0,0,0,0,0
"sim72",0,0,0,0,0,0,0,0,0,0,0
"sim73",0,0,0,0,0,0,0,0,0,0,0
"sim74",0,0,0,0,0,0,0,0,0,0,0
"sim75",0,0,0,0,0,0,0,0,0,0,0
"sim76",0,0,0,0,0,0,0,0,0,0,0
"sim77",0,0,0,0,0,0,0,0,0,0,0
"sim78",0,0,0,0,0,0,0,0,0,0,0
"sim79",0,0,0,0,0,0,0,0,0,0,0
"sim80",0,0,0,0,0,0,0,0,0,0,0
"sim81",0,0,0,0,0,0,0,0,0,0,0
"sim82",0,0,0,0,0,0,0,0,0,0,0
"sim83",0,0,0,0,0,0,0,0,0,0,0
"sim84",0,0,0,0,0,0,0,0,0,0,0
"sim85",0,0,0,0,0,0,0,0,0,0,0
"sim86",0,0,0,0,0,0,0,0,0,0,0
"sim87",0,0,0,0,0,0,0,0,0,0,0
"sim88",0,0,0,0,0,0,0,0,0,0,0
"sim89",0,0,0,0,0,0,0,0,0,0,0
"sim90",0,0,0,0,0,0,0,0,0,0,0
"sim91",0,0,0,0,0,0,0,0,0,0,0
"sim92",0,0,0,0,0,0,0,0,0,0,0
"sim93",0,0,0,0,0,0,0,0,0,0,0
"sim94",0,0,0,0,0,0,0,0,0,0,0
"sim95",0,0,0,0,0,0,0,0,0,0,0
"sim96",0,0,0,0,0,0,0,0,0,0,0
"sim97",0,0,0,0,0,0,0,0,0,0,0
"sim98",0,0,0,0,0,0,0,0,0,0,0
"sim99",0,0,0,0,0,0,0,0,0,0,0
"sim100",0,0,0,0,0,0,0,0,0,0,0
